<?xml version="1.0" encoding="UTF-8"?>
<project-private xmlns="http://www.netbeans.org/ns/project-private/1">
    <data xmlns="http://www.netbeans.org/ns/make-project-private/1">
        <activeConfTypeElem>1</activeConfTypeElem>
        <activeConfIndexElem>0</activeConfIndexElem>
    </data>
    <editor-bookmarks xmlns="http://www.netbeans.org/ns/editor-bookmarks/2" lastBookmarkId="0"/>
    <open-files xmlns="http://www.netbeans.org/ns/projectui-open-files/2">
        <group>
            <file>file:/C:/Users/Iván/Documents/Iván/Universidad/2024-2/PROG2/Laboratorios/03/2024-1/Primer%20Intento/MetodoMemoriaPorIncrementos-2024-1/MetodoExactoDeMemoria.h</file>
            <file>file:/C:/Users/Iván/Documents/Iván/Universidad/2024-2/PROG2/Laboratorios/03/2024-1/Primer%20Intento/MetodoMemoriaPorIncrementos-2024-1/Pedidos.txt</file>
            <file>file:/C:/Users/Iván/Documents/Iván/Universidad/2024-2/PROG2/Laboratorios/03/2024-1/Primer%20Intento/MetodoMemoriaPorIncrementos-2024-1/main.cpp</file>
            <file>file:/C:/Users/Iván/Documents/Iván/Universidad/2024-2/PROG2/Laboratorios/03/2024-1/Primer%20Intento/MetodoMemoriaPorIncrementos-2024-1/MetodoExactoDeMemoria.cpp</file>
        </group>
    </open-files>
</project-private>
